"","b","cd4","cd8","nk","monocyte","neutrophil"
"cg01024458",0.901487164389342,0.965811457397224,0.988219475230554,0.958856829167337,0.0462463021456394,0.0620547188771596
"cg11661493",0.848986598916325,0.843147546587925,0.524425451762082,0.136103954909934,0.751509601265065,0.580987886444581
"cg05205074",0.845834815242435,0.868533472445282,0.923308133420315,0.838759563713325,0.0277170853563516,0.539259419783995
"cg17232476",0.969766611964806,0.93158962032611,0.970394410052557,0.891562498968401,0.0319624788909443,0.0586702745831262
"cg05579731",0.208523411898944,0.732517839909197,0.908024756786502,0.678542835612608,0.0124800751151249,0.0345362221831959
"cg15035590",0.277717903284165,0.814466907065795,0.944863565109813,0.803584819449891,0.0266447008627907,0.0560671108288041
"cg21743182",0.981351959527319,0.914733610747791,0.165999808400059,0.829644746242389,0.967508045248726,0.966123149635777
"cg22212560",0.0731420508921148,0.941511978292168,0.903313013794733,0.884970763932178,0.933789099376591,0.945979789364115
"cg20602300",0.97466580010604,0.679155836614803,0.655646979495888,0.542417514500015,0.820145854704172,0.0335832336857341
"cg26810157",0.955566089855326,0.923415341393727,0.972459312787802,0.92399998837805,0.156466860070724,0.0553381942890237
"cg23683962",0.558303502707742,0.830704067369829,0.406645112866854,0.145132671941279,0.036080765509223,0.0436733321996894
"cg27565966",0.993790111936625,0.984084599782111,0.99509947997698,0.979222119293215,0.625408791061403,0.0709459771512345
"cg15287850",0.960479040203009,0.223729693543231,0.534059209141949,0.757579514910377,0.913350633685166,0.959729028549783
"cg26795340",0.944001638934024,0.937909232100985,0.966381902246554,0.960663314545656,0.0538039000492085,0.272031166746949
"cg12976793",0.945454858562276,0.882200818081464,0.981735794076797,0.887458237249771,0.0304507192622995,0.0428803102830384
"cg24466100",0.0296323400732958,0.969167588878129,0.958562258367665,0.961992397910254,0.986432295938921,0.992511109932391
"cg18590995",0.825162557330093,0.245301436975765,0.587318428319466,0.891456867521389,0.973796605688287,0.965428549833561
"cg09469986",0.980627377995215,0.959878172478812,0.944635649935835,0.922091818192979,0.171862648689982,0.797701861132064
"cg02582213",0.588609395403279,0.374765198310977,0.0314988067259845,0.185118036132522,0.862304932182981,0.892696280995272
"cg08939052",0.953506630296841,0.925836885816945,0.965700930754706,0.926446305854854,0.0721692005547656,0.0475227247591648
"cg06963205",0.813293079112861,0.422721778511014,0.0330062267200478,0.145673544903796,0.937862121167145,0.881815043429048
"cg11160673",0.892547369111414,0.156319463647123,0.486160302048966,0.887979360371588,0.982665616178468,0.975854208016459
"cg00226923",0.0156024892061889,0.758751974134963,0.46732364115964,0.0999600723135491,0.0135768039723193,0.0122459552056744
"cg20666585",0.849514926119263,0.944871207607685,0.572589794528387,0.282192195453458,0.955006179896211,0.955565040505605
"cg27058221",0.925282551990391,0.371176045018408,0.14244681457851,0.643440193723133,0.936405131058141,0.946669115131431
"cg11375112",0.00863342310089317,0.902973019626994,0.886624938837904,0.258235536730393,0.00774290658276949,0.0330678624835395
"cg02742418",0.931269554314536,0.926672582269588,0.497726128511942,0.167605794803283,0.956214657737261,0.950006998384682
"cg04947949",0.0919321394281794,0.964395323332172,0.958096146381174,0.954928775492013,0.94804060830074,0.96727060174987
"cg25087423",0.908393627933589,0.152635015372281,0.536776815242312,0.905313983513551,0.848764748621063,0.897270268909165
"cg16280667",0.557467777912678,0.881041851992372,0.523330513908102,0.170196309785007,0.940756002391235,0.955748511882214
"cg06323049",0.121760106641895,0.832097299823444,0.749520485026116,0.293940367376606,0.024454756258069,0.0472343636132055
"cg27304328",0.099908621519395,0.986590540535569,0.922009756668602,0.821398355525642,0.971025800921466,0.980395699369879
"cg24074594",0.964183420224447,0.93823139983625,0.971517729786348,0.95531606350361,0.160571975502763,0.0659462082179196
"cg20278154",0.770521705935254,0.878022235053531,0.9032255506371,0.850943735148883,0.131415498644692,0.91670230393984
"cg11774624",0.75214686758457,0.606265413346692,0.366440301562976,0.138761680318749,0.853250869834453,0.838050469421683
"cg18495884",0.92633601262532,0.920940803014949,0.86823996082833,0.853626793910866,0.801652394994605,0.171732015104234
"cg07337602",0.913259357291006,0.116126471331619,0.0898107482393226,0.642987582494955,0.844104817443952,0.83221754486134
"cg20618826",0.924947318274695,0.924423481121366,0.912903225995044,0.919493721341096,0.781725119524966,0.179098762077074
"cg19519593",0.9790764585775,0.975434817730619,0.983792420296266,0.965888668849858,0.0485061751524236,0.182332410312042
"cg26164712",0.908647403834431,0.171204614521593,0.550208450733228,0.879949540233731,0.837408914021436,0.77475011538549
"cg04153882",0.0534261341680272,0.860056940090785,0.952118158859608,0.826003148222804,0.112691933352308,0.0935563057698358
"cg13125224",0.972427222037412,0.933496089325694,0.98029241530749,0.933182391439391,0.0646521305144294,0.174063503970891
"cg17382048",0.124527126122477,0.965774818289912,0.948263546143814,0.908532294235415,0.925750161696428,0.925669136043937
"cg08678755",0.0324793261742673,0.548153901256393,0.845460730526669,0.706708505471076,0.052270089161283,0.0833023262727151
"cg20510988",0.394710138324549,0.0499867460743829,0.462174650826531,0.763156394737696,0.00802482439675356,0.0142258285805589
"cg07618110",0.908875324869198,0.156485308859901,0.27904708605544,0.786379322970017,0.904475546469855,0.910209321718724
"cg20234640",0.240276067710679,0.756462880481311,0.295950876426177,0.029823848765912,0.0144555587807831,0.0287158461113733
"cg17812123",0.910366553742594,0.876866206528518,0.506205340943604,0.231592579042111,0.91176012198591,0.8617405083673
"cg26249168",0.969434320898161,0.935175013045023,0.983068091949373,0.944343104236393,0.0554741073853958,0.304237590854661
"cg24710951",0.976360557361418,0.979245542088272,0.97878411980707,0.972218559592587,0.881600213047332,0.20628487687186
"cg27582527",0.0554440697268872,0.79867329259661,0.886414551478138,0.783498979975573,0.0151615219108218,0.0368224198734121
"cg09345868",0.958853843542974,0.0920493986602354,0.198352018164453,0.825354092469814,0.967884348316212,0.95873129899666
"cg02384859",0.119449141518004,0.876899182554328,0.878497601401656,0.320725634764005,0.0191629831954442,0.0441355881427418
"cg19696012",0.828244657478228,0.688379233862691,0.277163446445246,0.106473490725793,0.943480500406259,0.929621109746418
"cg14301562",0.978455662641261,0.943386423706376,0.97885822542903,0.93319181891557,0.0436256378973931,0.240106170415076
"cg18672716",0.139743064232421,0.964137516528867,0.975246878622556,0.97330288911026,0.97224714530422,0.983717696433263
"cg24854175",0.982536050429256,0.278949131240014,0.639175522903659,0.956751472343181,0.97202881123375,0.96884954207945
"cg13617280",0.043515936457702,0.967328624307226,0.961841620210309,0.95441022085701,0.967063456465597,0.979294702767567
"cg26227465",0.968528438276453,0.953222425270555,0.804840304469873,0.45965428873379,0.868783962664678,0.0447456807108795
"cg04780380",0.036484448615417,0.954066222470838,0.948250143923239,0.940895243661201,0.969057994787154,0.965575522990869
"cg22749642",0.981601306920415,0.958710594474665,0.96500081295316,0.955368160531534,0.125454166164404,0.4783455251446
"cg11335172",0.985707920460771,0.880319280713952,0.566313820969747,0.191421309149684,0.876858265272422,0.615490173583545
"cg11978441",0.0866200166765424,0.053765679556783,0.442946177059179,0.735651677017146,0.0177434484544336,0.140330770197365
"cg21333217",0.979729732431125,0.128003871863269,0.0560886786492055,0.569568195764945,0.975961550287747,0.958480015539036
"cg18748064",0.0265525557677923,0.828205219385715,0.939474213520006,0.77689428865541,0.142882851477339,0.0628875100925802
"cg02663352",0.969147720059222,0.916732283393639,0.979770144956337,0.908757371341251,0.0258857822558355,0.0625166342206937
"cg21619637",0.0308164967453595,0.869178614799369,0.81783849378198,0.773294541727991,0.923963437180771,0.931456777278794
"cg06019050",0.977548594822283,0.927427293497302,0.975655325696718,0.936340545000108,0.0683685963378362,0.485710689713291
"cg20959189",0.0360457668041574,0.906069913650692,0.883786793052813,0.879431646320089,0.833549787823552,0.927025061264076
"cg10796068",0.959797906227458,0.886049795053308,0.959101447998286,0.890143431513407,0.109497969026797,0.832339031936473
"cg06117093",0.00276847282227508,0.333832209083193,0.623156352807662,0.782287620037043,0.00618588252931903,0.0125866179473581
"cg07065759",0.0034282328812795,0.680804674852991,0.444086201759738,0.011377166937487,0.0100593383609166,0.0249731505332876
"cg12273325",0.184291666678434,0.599726808176597,0.859433706359733,0.585872024496663,0.0315437557179079,0.0452052390553963
"cg17766305",0.990361054862717,0.974342316589154,0.99275516535195,0.962253378937897,0.0242463542856076,0.0616692260907473
"cg13375187",0.96574754837187,0.923207778662416,0.968810977570399,0.93156043674035,0.263742055702767,0.0924553725339348
"cg04528720",0.147596280850067,0.98211454702228,0.980400349726559,0.977812152822272,0.967196215128786,0.894851890416275
"cg04179740",0.0388725151375735,0.713082606146289,0.825898846306775,0.722374253699465,0.958882356893607,0.952118077550884
"cg00066351",0.962669712632184,0.461981773326044,0.152645322281222,0.693512052966058,0.929295507013516,0.938574585242875
"cg02234653",0.0101555948811008,0.650896091865247,0.850483273641157,0.707506319810312,0.0121541113184706,0.0279865482709498
"cg24218626",0.975271225905921,0.144547892105003,0.402153491549417,0.830937326761137,0.977519873604009,0.962673732425685
"cg14885038",0.0418846849355212,0.824822954713712,0.670003579000875,0.290309307485121,0.0537993123733779,0.0854648889050993
"cg17176894",0.0631713065287517,0.814135994414969,0.909018110238332,0.666157953010933,0.0310319350325777,0.053368315790397
"cg08985282",0.227811081444545,0.792452005584096,0.39472195357511,0.0496828688253132,0.034850999973228,0.0364529679834951
"cg23728359",0.943116082465632,0.171429937880468,0.459223552774056,0.648833064801579,0.903704356908218,0.920979072235618
"cg19066520",0.905385681424931,0.849090272125286,0.583800164909212,0.289176322961204,0.956490684020501,0.938866826755375
"cg07991100",0.986273130326072,0.971673830551075,0.974352942002952,0.959701980811485,0.196312304797426,0.0728396457388289
"cg16928046",0.667546905670928,0.929651353503524,0.962408459018478,0.947984505816228,0.069250364839778,0.764024409734253
"cg19828970",0.868396741672102,0.518614205760278,0.0724779697632316,0.225856460604338,0.866237594772573,0.810766966686643
"cg15892497",0.0914616845908656,0.901558020821811,0.872978611919144,0.836905304815234,0.896949263082616,0.931678474020321
"cg26675329",0.0594099002653461,0.940913892653179,0.888612018208734,0.868868596917308,0.942267784608314,0.951893007440888
"cg09686308",0.823304660069248,0.925602713695367,0.542454089063574,0.27326214853787,0.957800970976385,0.956780818863252
"cg02827278",0.973502876418929,0.961232871179117,0.956706078588004,0.956884930240307,0.720050775140429,0.19771776491698
"cg18895476",0.0303395283197705,0.885579974647481,0.849409377947138,0.536973694572737,0.0340722798785061,0.113243161343615
"cg16871449",0.975046936573728,0.931009651811535,0.975308931703004,0.936470040734634,0.0560083525272886,0.503137977067749
"cg17618872",0.971993127572865,0.877778517629811,0.935655113367557,0.854594750265053,0.0815767293012134,0.533681317956451
"cg20676047",0.970071379161247,0.787738066900547,0.422165585901794,0.134290303957029,0.978006014366022,0.985858217834106
"cg12754495",0.978125105995905,0.970257202816146,0.983830307453903,0.967840818668093,0.155356152423048,0.0600794080269873
"cg26823762",0.0795972446078474,0.966644467279058,0.942107435732616,0.923642749183398,0.960444071383723,0.97659568655903
"cg25066857",0.0778795480696998,0.757915174977953,0.466578338611628,0.0594093665642187,0.0270197394353655,0.0422969412027903
"cg12671632",0.804501827772034,0.822881349564486,0.48579370875041,0.131117837412452,0.638556591364569,0.632069793691307
"cg00219921",0.878475469063951,0.774697702313643,0.911544267532202,0.846166501140847,0.0535273454192473,0.570271325104389
"cg24456340",0.209302259965895,0.915111314227343,0.666734523698529,0.108430216158089,0.119248389755304,0.174175101323401
"cg06164961",0.850320802679557,0.116407696658735,0.0751462048286026,0.586959437311901,0.942935877031826,0.897364056173275
"cg25643644",0.960184449593247,0.131248713639884,0.397621709288063,0.81047926537505,0.952743869975733,0.941900413686194
"cg07661835",0.987541968676581,0.977773344061361,0.981752034277808,0.965294316805695,0.0278815206449339,0.0765112552008981
"cg02380585",0.0464596864114236,0.0620610376899362,0.0244621407270098,0.0753680502146433,0.615461582763444,0.895473322834724
"cg24612198",0.900786876230925,0.950553723236435,0.714784258402587,0.309167201430341,0.965303848731936,0.961000424098227
"cg20894640",0.988168119912629,0.310023161005574,0.838825350773175,0.961931032278431,0.988079313742385,0.987592548347088
"cg02324835",0.986113199259455,0.959496668941009,0.989989832848849,0.966517834632388,0.0748812430191835,0.394735759477827
"cg27008565",0.884708504497206,0.827776489621078,0.914854287450546,0.881874404673579,0.0732641590338313,0.53644317220275
"cg23318020",0.0514935084111578,0.96460709601528,0.980595120537303,0.935533264940069,0.691766708734319,0.932127621431753
"cg01801643",0.919537410758669,0.176615237582288,0.38350711513657,0.823823826148979,0.916522117548383,0.893415095677977
"cg10111816",0.986943823968001,0.975541799642275,0.75043048913317,0.314360199161189,0.987538694442577,0.977672921059771
"cg04776231",0.0102616313933803,0.329573228774818,0.351003660220218,0.0486120684286545,0.0754963701450695,0.930324270732626
"cg14094409",0.122501787037477,0.977439041514855,0.971296092749782,0.966635972586652,0.961039184532882,0.927319714313769
"cg11804414",0.966101812265148,0.937638051854056,0.96122616101268,0.927278196531457,0.245804399227312,0.0516432341577005
"cg25025181",0.98748921979855,0.984946590219787,0.985213609425888,0.977651366769906,0.714807508007213,0.218391418780425
"cg15935770",0.974762133188813,0.914003721923538,0.977092777717161,0.928204649832445,0.0775629858830879,0.0489985754834612
"cg23671196",0.0332125984873645,0.972113198719954,0.964947376139704,0.954857844757405,0.957442272880818,0.961852530205088
"cg20487608",0.974288205301488,0.969761442739099,0.985513753079012,0.965751554464858,0.147035164400388,0.0720218305951759
"cg24448340",0.122564665046679,0.962830023118052,0.954696199724734,0.923757197139717,0.916668723976768,0.923986194159643
"cg19628988",0.956827197072489,0.0918343032750938,0.141709616758668,0.721179174078517,0.874498345319043,0.79435671436786
"cg08622923",0.869173500514202,0.396143551108682,0.0312887131337138,0.157486741681494,0.905638671634666,0.833071451871978
"cg14287022",0.971199385077391,0.142739247984025,0.376364070020788,0.917038764612024,0.982181888163609,0.969178194878079
"cg07799277",0.956235417034926,0.931553755382611,0.946734983838376,0.895525053305405,0.388682514238826,0.0341740766064509
"cg18857618",0.863747840607635,0.877837557520066,0.632892760111768,0.245988140389862,0.960256713109145,0.948304626560106
"cg22152931",0.970715988701606,0.920945295015048,0.971882383065249,0.919590352855094,0.267788512991384,0.0842283405677456
"cg03074244",0.0179575612036312,0.849283482070842,0.62496258694153,0.107887986054818,0.0621325779115125,0.082914472915774
"cg23379806",0.0767004870441842,0.796569461419824,0.885433289057695,0.683648368071478,0.0540331388077096,0.0905711765279586
"cg00188748",0.897820401504959,0.89737181052656,0.94742491187185,0.913374981673314,0.104048839466482,0.680694442582831
"cg06242730",0.951965372088998,0.907446253787145,0.963029262242497,0.895929411133922,0.0209879990152105,0.051163105895739
"cg24401262",0.0332021706419029,0.10704784494243,0.51057095200317,0.740741458378176,0.00852583742168132,0.113717610522665
"cg07133930",0.953671608618602,0.152009294639965,0.36195451779497,0.786271417996465,0.934480106590406,0.903022389059127
"cg07671644",0.418977158535558,0.908614244574692,0.624765239028545,0.0836639823521833,0.0285640488984768,0.0531760428354247
"cg21805118",0.87825027261578,0.85208762076561,0.956055294399334,0.88940576357989,0.0915826443784644,0.689246090566162
"cg18522931",0.483000186017708,0.691506101914785,0.372138196171258,0.0938793401753057,0.64388148831286,0.884065273999908
"cg20071624",0.0140820936263807,0.917458947844699,0.966583163063812,0.926587289267348,0.0281050969588388,0.0559157504364908
"cg03746834",0.973792479634634,0.951875341363063,0.975356439161149,0.946487274752744,0.0507107086400251,0.0838264683497735
"cg04173396",0.0995112051257546,0.977891800940571,0.973352362913454,0.97320544073514,0.983419150273137,0.98016306129885
"cg17013990",0.967498913744067,0.96870111104046,0.97642828025634,0.971203559712594,0.782033836718482,0.201220221837849
"cg15244101",0.0470228733024598,0.79919777645118,0.852782305443424,0.894725010056744,0.853270029579769,0.864410801946653
"cg27176729",0.879881289981157,0.695977120264344,0.53272837088961,0.231871915914126,0.977600104172302,0.983609834651826
"cg20367388",0.93991957899318,0.152664127843423,0.334341166104363,0.627128624829961,0.918669241612598,0.901190388007559
"cg01557221",0.981321866912537,0.93891971745824,0.988334027395235,0.943799937737317,0.0325311654981888,0.278761553718141
"cg00201133",0.935953996481357,0.928621877946217,0.832522811406381,0.247475254669176,0.948072711293704,0.845426417579881
"cg21500909",0.953142819860373,0.167124843623106,0.465693401501323,0.812565817637212,0.951778207849843,0.92186016787374
"cg04642165",0.971995571898844,0.937641973949393,0.975575775688555,0.954033244013697,0.373413661930742,0.0827551601681881
"cg12118504",0.911244917605167,0.550092641035888,0.115307615140721,0.286596310562375,0.947583230547768,0.892994048351251
"cg26166854",0.967199756312484,0.943889759061726,0.973906767689669,0.955580740295859,0.2306522212826,0.0736968776277537
"cg11848483",0.922365352283876,0.905848231518381,0.947424104967829,0.907254122133343,0.41310600608636,0.0981788244522786
"cg04712122",0.918647991406015,0.308626395327301,0.0653464327460288,0.225389823417267,0.909285924039004,0.889576850473036
"cg01874152",0.935776593983872,0.93736219487356,0.579799308458313,0.180630807443566,0.931411358686243,0.893437612036416
"cg07713946",0.684960999080821,0.148464354425311,0.371432233029934,0.667730384933883,0.955273863845407,0.928576546075853
"cg10240150",0.115893017435947,0.743925239974925,0.314830079234712,0.147812787066508,0.0258909857758753,0.0313158347504532
"cg23723835",0.785102987739718,0.937830389677565,0.974080872350091,0.921646161416429,0.0414447131620799,0.261070416535734
"cg12101498",0.923886828726106,0.829287199485862,0.550261468720043,0.221400547347745,0.827097148821516,0.833135308787735
"cg12465678",0.955208958163118,0.941157352699102,0.967238337452023,0.935933521596109,0.437850017762541,0.0886484537529246
"cg02661764",0.0668559605887883,0.985733174372742,0.979684252674001,0.977749018283054,0.973838048998264,0.98567604188954
"cg09885622",0.318565986662003,0.69833959674745,0.908262025027774,0.635373445706467,0.040837480918586,0.0557317543087961
"cg13651908",0.0524856224219848,0.95308976388784,0.939623661956838,0.932450687651417,0.923812734867558,0.925958663386824
"cg07837085",0.837697548628471,0.0709736543008312,0.346571805713679,0.82581601710421,0.647695470883123,0.682645104342587
"cg10837404",0.957772320368125,0.927707255939526,0.950701109669872,0.907606828770638,0.0638700484339574,0.389623499830019
"cg01987702",0.974638201754113,0.950931214144412,0.987672718472937,0.952184116794827,0.569220132783683,0.186765916990036
"cg12353788",0.859410558262695,0.719386493602481,0.489680183617855,0.224257179522354,0.919153372223439,0.908276591300641
"cg04244970",0.0328868788494624,0.939712851632908,0.984886620729033,0.890219035980451,0.0157055126562266,0.0674233998595226
"cg20661080",0.989425254581765,0.969363092473978,0.970631386717188,0.963951222167702,0.0547544409019865,0.042213981632438
"cg24662823",0.902624102452963,0.223200639583908,0.416488189809764,0.83268555537239,0.93270177341931,0.927062567061442
"cg05070273",0.0756123841695952,0.75094751844735,0.948905880654445,0.945583428504804,0.940414127002146,0.956464066459963
"cg09662852",0.921203110524123,0.895660670251808,0.603508171016276,0.248900653292766,0.765081803382502,0.780072038048551
"cg03419136",0.741403864102673,0.713092617414423,0.471851872949249,0.195461175426836,0.916123005691005,0.913528385168473
"cg14564351",0.183118183022035,0.831841033871082,0.944614491059896,0.848813148476485,0.0145731532444108,0.0453779547657224
"cg11162888",0.047256879660504,0.237145816619989,0.611852390203159,0.771877520484212,0.0478691051968212,0.0720118032253925
"cg11798182",0.827681669892097,0.921042336445393,0.949006089322823,0.833142880744519,0.0750332867923402,0.647134618220724
"cg25599673",0.0397944518583474,0.969221931512723,0.958600756960442,0.9627310993592,0.931935756017117,0.979552276784006
"cg07960083",0.975494986287952,0.933095802055411,0.984956080905397,0.935922453730245,0.0147779327031388,0.0458868890741431
"cg01040649",0.0242211664156522,0.533609818848853,0.785515656782613,0.874504130965852,0.971567756269959,0.973227596069829
"cg04180114",0.930097852454356,0.959717301284529,0.980130541270763,0.939450355115614,0.0678931384177996,0.566378407491872
"cg00440980",0.60058788881457,0.623085525619098,0.441726693282932,0.154372333250249,0.912400963006818,0.882992132546398
"cg19679865",0.951757107342561,0.928745524129718,0.948674364343341,0.901223522773796,0.0888115744098247,0.545674293606616
"cg15564619",0.241221855894945,0.508167420761079,0.75108511547331,0.89899021857387,0.0202427606939386,0.0539669709833267
"cg07785552",0.184680959301626,0.979576142935352,0.977041601890136,0.973048532482676,0.980021726143131,0.983936544206358
"cg21069500",0.977357904884608,0.941397786854931,0.978453243500645,0.961054226807074,0.17996392247064,0.971174631718393
"cg00421624",0.914742809850753,0.906672099014501,0.903005029908864,0.852935384807432,0.0642963758694927,0.487592939462261
"cg13451886",0.1137709130454,0.933236068112045,0.923310525568827,0.936224865947997,0.907954983545001,0.935537258040606
"cg24902461",0.0342350143613203,0.777595838560673,0.909355616176518,0.826169100899776,0.0313790593885969,0.0585770014267803
"cg02700491",0.0362334912192396,0.944478656690786,0.94668343987644,0.930147464076725,0.886487231712349,0.846956885325535
"cg07111834",0.926214334291087,0.906553425300714,0.471520028448031,0.155828034267281,0.942517380407968,0.889763940769045
"cg16230121",0.875812469700889,0.14531449293628,0.42899262245121,0.742531597903974,0.747929696982194,0.788385251163646
"cg26848442",0.569833926805894,0.833852900727975,0.552929749563316,0.104238369332445,0.0145225499030662,0.0495868530274057
"cg18739675",0.862153052170684,0.876473059738738,0.480359501285741,0.221344182042013,0.963302131817154,0.954973264936298
"cg14356919",0.850397889801504,0.140600054374851,0.290952118157906,0.605435467236167,0.893869335652981,0.92068898608251
"cg09169413",0.87163993462595,0.905313111103946,0.968663848625002,0.921162610851478,0.0988749171289624,0.707470472709697
"cg18758433",0.931501170440233,0.893143175586381,0.332549885402622,0.844985117398247,0.96087187663295,0.949135155864253
"cg18734095",0.812442955485986,0.905666751190883,0.42740400970778,0.0815625795107255,0.570208226460068,0.413546512111352
"cg26852712",0.862816905037125,0.596207909470253,0.565195784677868,0.199643002163128,0.938263589682699,0.842436802963843
"cg19301114",0.884370062278931,0.8512782941957,0.909462577170207,0.796685659055293,0.063288422415619,0.929056993082389
"cg09220326",0.954604520919029,0.921963362016595,0.954404755490999,0.913579628361058,0.0923159991279811,0.589270423995872
"cg17594003",0.0443439062446117,0.941964722710853,0.954788880077705,0.894830292379705,0.671246907806469,0.820036422975981
"cg07002540",0.163662489779299,0.934082175153818,0.907600189142529,0.438007150070525,0.0173021199238904,0.046642902998013
"cg27059140",0.950926595063582,0.272862095286359,0.606438173042817,0.899030191341195,0.958127183219565,0.953382048472857
"cg13460556",0.950124652933091,0.880760665166635,0.521082624769156,0.176805570565733,0.971750962604069,0.964339162467677
"cg06489037",0.0210928586839009,0.854083390701144,0.929454784200649,0.928935830616747,0.0267668182232325,0.0359474411204876
"cg18066690",0.0480975102188571,0.853682492363822,0.92416099137764,0.825522841756144,0.0235892463372348,0.0515258004989429
"cg08538581",0.960083093067487,0.902634090461211,0.971401172410461,0.895062114635246,0.0290734361573447,0.0386273857240836
"cg10933959",0.0554917200980678,0.919757128789156,0.937359675661545,0.836758112980772,0.65519945580957,0.906015345539683
"cg22957691",0.0332451758429525,0.953853986342966,0.923217802045695,0.760781742667856,0.842096703174206,0.765266556740482
"cg18835472",0.955756295386538,0.960456028087337,0.98587511299299,0.921837390964993,0.0526238253667505,0.0595315780921382
"cg00091349",0.012278557176418,0.768019601746571,0.863861721861866,0.724959826330813,0.0165630542936389,0.0406833032305618
"cg19358608",0.0103221637728604,0.877034456368146,0.934467450119831,0.78211161935104,0.0149255027537334,0.0243513312984093
"cg07275179",0.0294577657361504,0.799839955259181,0.799668537054358,0.812582904291285,0.863125779193745,0.853812820890786
"cg04605532",0.0790456949271107,0.983163489153492,0.978621628260446,0.973892779281479,0.977973108205035,0.977203813548035
"cg04903759",0.0395149085761663,0.829293644879075,0.791009247992056,0.804270684140748,0.921696606190663,0.913697043921603
"cg10456459",0.925360340119803,0.181010390612073,0.399252682546105,0.808921289203746,0.960519529803044,0.957572571093103
"cg03418002",0.0649901497156904,0.952324557332358,0.864724449321517,0.823057825729048,0.940262907506401,0.955950639126266
"cg21814550",0.694018964642932,0.758697934517566,0.46125176538024,0.15419858474259,0.798850494850844,0.728278502644558
"cg17660833",0.97037584340275,0.26297886336864,0.0341229659041253,0.194597039504178,0.963431327248149,0.949533899041253
"cg23363263",0.823796645394581,0.711363818233547,0.295540487236531,0.158949331226049,0.972975790337045,0.953635243039006
"cg12207930",0.0250265477540683,0.850127108394797,0.598632719184043,0.107200305694008,0.33306465147716,0.210469325883196
"cg15835339",0.941447810765073,0.908757757658849,0.929101860326418,0.879645852278772,0.149487289740084,0.0552691229384049
"cg00446046",0.980037054396048,0.960013389770374,0.599620088874035,0.287170845332078,0.971059294177601,0.971570629605766
"cg12655112",0.114218163986553,0.910540971577934,0.903649718109478,0.636692476224863,0.0473977561189955,0.0663846416933073
"cg17183174",0.918563267954236,0.966811236890278,0.656142166098842,0.29388168313499,0.971019655274088,0.950779524653219
"cg17344091",0.0487284186396199,0.955725987973266,0.955917061808817,0.941603105097025,0.944279903146679,0.958722631591974
"cg24906819",0.985448955242618,0.979084365118371,0.976707917801765,0.977989336743838,0.80277267012504,0.16489125082926
"cg24608504",0.752637553118158,0.298844331888326,0.0253918875642597,0.151826506779539,0.901803562692439,0.845277314662461
"cg09310966",0.962351599062135,0.951042997464976,0.961067707877935,0.946380974012708,0.054559947253397,0.29438581467919
"cg01110616",0.963933455856384,0.933485870399107,0.960602550125386,0.926633454954153,0.0359331308502768,0.0648161427157608
"cg18128312",0.0445172215120009,0.910868349418788,0.958563712706583,0.864448308528736,0.0242169063416736,0.0457049519779043
"cg25856090",0.94405620965979,0.952081665765531,0.976703614685847,0.910849922853698,0.0470556490711526,0.0634755162065957
"cg23361127",0.0383617481864939,0.978335402613806,0.976263383593554,0.965822871244647,0.821286339629657,0.955918298075275
"cg09712234",0.860688163018519,0.910695273150157,0.506280796430153,0.205279346410783,0.935627215518968,0.924042005264596
"cg25576997",0.966474836105134,0.933745777231836,0.954309980550018,0.919266331462788,0.0564732035025324,0.0635373816299333
"cg05986288",0.988440759152064,0.953825381968756,0.980648601184722,0.889368315763058,0.0278894443278531,0.246542341879026
"cg06298740",0.972567921664717,0.949730705465789,0.983890656520032,0.954232110719508,0.275952341455614,0.102948875864355
"cg25938803",0.864126023033535,0.14407336953101,0.0772995501926058,0.549729333250442,0.948711298805144,0.923054556166732
"cg25430838",0.977323061796605,0.947047585065189,0.966227503577552,0.94066523889558,0.169648619839204,0.0525406289243323
"cg25517015",0.965680705921539,0.928292154167861,0.973797477144448,0.924674480106038,0.0842359614335296,0.347222149845062
"cg11118440",0.94552389486691,0.962886299845484,0.983688135142575,0.960265144289316,0.0671139645379048,0.312136377918963
"cg12866960",0.0266680517025767,0.842573605425709,0.880187844122832,0.577070844718023,0.0267377130737795,0.049771518629293
"cg14578677",0.976045728036393,0.953546270305506,0.976967010686372,0.948469209504761,0.102937619357026,0.0795167888400599
"cg03857198",0.08993709648619,0.795128764534643,0.944519705966004,0.777032918408334,0.0316435616724767,0.0606650776721512
"cg21852792",0.0776264257446021,0.967948408434224,0.972368930810837,0.960818658844259,0.96407856332687,0.974748390450193
"cg12249234",0.714440037496464,0.125966758806656,0.492824994780878,0.891597674986925,0.971761567378734,0.964703442242958
"cg02780988",0.814743865444688,0.670865295132903,0.546564835659747,0.222581074492405,0.947652103575922,0.960778851090469
"cg00168694",0.106099990878596,0.864517222396033,0.927923560211056,0.944376733818646,0.968482824360919,0.971193492770416
"cg00439981",0.887092512922057,0.794005553247032,0.555214025284003,0.254345905948644,0.943478106950492,0.949676840020647
"cg11922563",0.222297712232639,0.87733358979315,0.95392935436526,0.77290990848847,0.0110600157176279,0.03220602953169
"cg21762728",0.947428366049386,0.917514889211102,0.956874484946277,0.935926543457046,0.436397111847503,0.109982911915385
"cg11354682",0.0553678227642624,0.932026789039618,0.982939821183574,0.913541495077666,0.0194498147208059,0.0428806261755303
"cg05486872",0.98519165008364,0.691247247867383,0.107541308319579,0.250711368922377,0.979056128056178,0.977846276054941
"cg27545615",0.0397581716464031,0.916296177358442,0.898343433074131,0.931105972767543,0.910970114592631,0.932130206730502
"cg14059339",0.966627998677292,0.949308605980093,0.976849783373798,0.946824399398335,0.0666422419172763,0.270706619355186
"cg14919455",0.97262564173466,0.136481811787415,0.0890630120146486,0.593477685448862,0.969340164019463,0.948937788761956
"cg11389756",0.982505208731412,0.230511713783481,0.567030485105426,0.797098909585135,0.980072376031878,0.96007583275599
"cg04609694",0.12439763906595,0.893802465225248,0.898849485662052,0.934951860800634,0.902691131921781,0.938777510706661
"cg09467433",0.945204193089158,0.741028268317466,0.335630951211739,0.132607731543313,0.966848895551933,0.943565698349137
"cg23334433",0.0879514034659837,0.899699551617981,0.850205178321415,0.513362563500229,0.0362244922739773,0.0615103830169937
"cg16226866",0.962143671361582,0.904397251406335,0.962726604146412,0.912749735592188,0.0485962191243714,0.282892621732376
"cg08279189",0.144444552373285,0.922805059102038,0.954182964556733,0.657926383294415,0.0136696971681596,0.0329065010971571
"cg26930596",0.676760943537553,0.640070111624999,0.417151439697018,0.138759828445337,0.742447444109114,0.840405515978976
"cg14268557",0.0794809796052822,0.737043068905153,0.936931441060243,0.947832446599828,0.972093963398366,0.97339383386596
"cg11703212",0.964662149852787,0.950910725602024,0.980520441095394,0.948650312627515,0.182632886840963,0.0927816079351643
"cg02770745",0.971969589878853,0.91833329002335,0.960418897119113,0.895134172391718,0.0187279076779965,0.0438519994459177
"cg13079571",0.974035364790623,0.917113012516532,0.944263103447265,0.899574305209152,0.169922667322128,0.794252113163502
"cg00343906",0.947187274555211,0.931950799036366,0.968012139217008,0.92299698318882,0.0214840797319953,0.050431203773019
"cg10699171",0.952128630682563,0.31173828331588,0.706920841508212,0.973812708981016,0.963737929736215,0.981417009321737
"cg24420366",0.962711782792322,0.113360681367677,0.0561797388895522,0.566854988623845,0.955737530989947,0.938487466130693
"cg12019801",0.97885300016702,0.925020453447622,0.981189387776085,0.907487460650415,0.114034701799488,0.519231720540312
"cg11638399",0.959712322955022,0.939608302700343,0.970402850475367,0.929967922204345,0.0294017255729661,0.0515914166140389
"cg23137881",0.0537788266092313,0.648578246667578,0.884728110237493,0.932019833506864,0.917493816233755,0.941309979919497
"cg01763719",0.972817183672967,0.122186951459993,0.482103525670976,0.771453299060527,0.979235074099649,0.965851752934742
"cg14272075",0.874915787083106,0.753589241203201,0.454703186185897,0.14218899795625,0.928433167426944,0.938510082157728
"cg07298177",0.0374144092935428,0.783029406987125,0.71372754243496,0.806391191010255,0.927624556203225,0.917784568017593
"cg09163720",0.789892790438928,0.775462785116277,0.477672586856505,0.172239989481331,0.758477696545218,0.809148920683269
"cg20312012",0.0440797263917909,0.948917022069677,0.927750572262048,0.918082621792673,0.904346259229205,0.917279081162968
"cg03094134",0.0393790423268199,0.974090128007908,0.943833902250224,0.892232504161558,0.94249655535129,0.918875700428364
"cg20078972",0.0860060044738567,0.284652169038657,0.724261852732647,0.754053240910969,0.0119821130964878,0.0362931461623306
"cg25197500",0.748325821452518,0.233099338366909,0.683605214113378,0.851839473318678,0.831590108861567,0.931727181498492
"cg23445003",0.640132926379765,0.130940148782123,0.318777321536392,0.673075987379212,0.946488630832935,0.926336168460987
"cg11597277",0.970718693572442,0.942846522431176,0.979753419767848,0.948464503335124,0.308314381084757,0.0868904583000438
"cg00009088",0.973332271763198,0.935532814010307,0.970934011841752,0.939334377834414,0.0582817373168422,0.0691287099157951
"cg21190228",0.932942358667305,0.429670494341766,0.0599567331542505,0.147215728235307,0.945710672706537,0.936194994121564
"cg26942829",0.124487983587496,0.974149939545552,0.960946057599212,0.960330434013392,0.963505246398586,0.966228508406506
"cg22175006",0.967506316852871,0.954047592282102,0.968325547066123,0.930772115956845,0.0715073235642076,0.512729786889216
"cg00907842",0.0224905744985375,0.835507044753005,0.873653655024405,0.689391723760773,0.0262657796860196,0.0342639318056382
"cg22820233",0.0582812132360002,0.947491424592481,0.938830269324583,0.902410102771863,0.86456477360553,0.79325096823437
"cg02832512",0.86940009127293,0.828697793130804,0.87777045177914,0.856668871304658,0.625585993048745,0.0469814681141226
"cg00335124",0.0614680160966985,0.96750150645316,0.947757651168222,0.939065529821785,0.9416721064456,0.942100146070045
"cg15878616",0.89429967853966,0.902405873925763,0.431275744954285,0.0632932601111265,0.969307402513927,0.971913446432314
