chrom	start	end	tissue number	difference	tissue methylation
chr8	94979000	94979499	0	0.9480223783502473	0.012295081967213115
chr4	2696000	2696499	0	0.9403397027600849	0.016666666666666666
chr5	17278000	17278499	0	0.9305454545454545	0.024
chr17	76482000	76482499	0	0.91874603030578	0.03271028037383177
chr7	18502000	18502499	0	0.905875812521382	0.037162162162162164
chr11	104838000	104838499	0	0.9058299240210403	0.05603448275862069
chr18	58662000	58662499	0	0.9028566655529568	0.023972602739726026
chr8	38279000	38279499	0	0.9026167112696997	0.039473684210526314
chr6	90315500	90315999	0	0.8949873763938566	0.041237113402061855
chr9	79885000	79885499	0	0.8949137931034483	0.027500000000000004
chr4	39618500	39618999	0	0.8900716020969186	0.07828282828282827
chr12	120175000	120175499	0	0.8898026315789473	0.06743421052631579
chr9	129525500	129525999	0	0.8897792022792024	0.03846153846153846
chr14	95713000	95713499	0	0.8813135901162791	0.060546875
chr6	137920500	137920999	0	0.8791666666666668	0.041666666666666664
chr11	61360000	61360499	0	0.8771712158808933	0.04487179487179487
chr6	99484500	99484999	0	0.8763153881348178	0.0572289156626506
chr9	104923500	104923999	0	0.8760459068294889	0.05492424242424243
chr3	121793000	121793499	0	0.8725490196078431	0.09803921568627451
chr13	30443500	30443999	0	0.872549019607843	0.021241830065359478
chr16	46809000	46809499	0	0.8704882218844985	0.07366071428571427
chr4	39632000	39632499	0	0.8703029706866025	0.06521739130434782
chr14	103691500	103691999	0	0.8690476190476191	0.0744047619047619
chr15	67076500	67076999	0	0.8686507936507937	0.027777777777777776
chr3	114005500	114005999	0	0.8663842895648826	0.02040816326530612
chr12	10709000	10709499	0	0.8648715415019763	0.08967391304347827
chr12	49160500	49160999	0	0.8644397149995373	0.0514018691588785
chr17	3966500	3966999	0	0.8620590490797546	0.0598159509202454
chr8	38279500	38279999	0	0.8619007803790413	0.0996376811594203
chr14	50647000	50647499	0	0.8613406183368869	0.049107142857142856
chr2	241392500	241392999	0	0.8606974921630094	0.0711206896551724
chr4	38781000	38781499	0	0.8597992916174734	0.03305785123966942
chr6	45818500	45818999	0	0.858945589539007	0.068359375
chr2	47724000	47724499	0	0.8589165213435439	0.030991735537190084
chr15	50444500	50444999	0	0.8585695876288659	0.04768041237113402
chr9	112035500	112035999	0	0.8546674876847291	0.08714285714285713
chr6	150690000	150690499	0	0.8542605105105104	0.06587837837837837
chr21	33296000	33296499	0	0.852640210662478	0.072992700729927
chr16	70416500	70416999	0	0.8517012299129185	0.07489451476793248
chr6	137920000	137920499	0	0.8511904761904762	0.041666666666666664
chr3	36891500	36891999	0	0.8507924446374294	0.05612244897959184
chr2	61447000	61447499	0	0.8485690235690235	0.07272727272727272
chr15	40553500	40553999	0	0.8485583224115335	0.06428571428571428
chr9	37337500	37337999	0	0.8482905982905983	0.05555555555555555
chr14	60815500	60815999	0	0.8465909090909091	0.10795454545454544
chr12	53753500	53753999	0	0.8443232131562303	0.028225806451612902
chr7	74764500	74764999	0	0.8442868206139116	0.05783582089552239
chr8	22530000	22530499	0	0.8428703703703704	0.12962962962962962
chr14	89384000	89384499	0	0.8426689576174112	0.01288659793814433
chr22	26535500	26535999	0	0.8422955720749838	0.05330882352941177
chr4	39632500	39632999	0	0.8421673286991062	0.10849056603773585
chr12	120798500	120798999	0	0.8415677883680217	0.04245283018867924
chr20	15986000	15986499	0	0.8414814814814815	0.06018518518518518
chr9	112774500	112774999	0	0.8404634092900964	0.11042944785276075
chr4	16233500	16233999	0	0.837908496732026	0.11764705882352941
chr11	65130000	65130499	0	0.8375686813186813	0.09375
chr12	131770500	131770999	0	0.8371368038740921	0.09322033898305085
chr22	42356500	42356999	0	0.8363184546136535	0.040697674418604654
chr17	75664000	75664499	0	0.8362573099415205	0.05263157894736842
chr21	42384000	42384499	0	0.8361134949581636	0.09110169491525424
chr10	35401000	35401499	0	0.8356725146198831	0.09210526315789475
chr8	65743500	65743999	0	0.8346950517836594	0.11075949367088608
chr20	40994000	40994499	0	0.8344475721323011	0.04310344827586207
chr12	49702000	49702499	0	0.8340874811463046	0.1217948717948718
chr17	47294000	47294499	0	0.8331766917293233	0.09539473684210525
chr7	144350000	144350499	0	0.8322050290135397	0.1223404255319149
chr12	25018000	25018499	0	0.8320794392523364	0.06542056074766354
chr1	87057500	87057999	0	0.8319741532976828	0.07219251336898395
chr6	32815500	32815999	0	0.8318995786516854	0.019662921348314606
chr14	106851500	106851999	0	0.8298140601120734	0.029801324503311258
chr2	151771500	151771999	0	0.8282975958414555	0.12345679012345678
chr21	36253500	36253999	0	0.8271468225844555	0.08700980392156862
chr6	28260500	28260999	0	0.8268072289156627	0.125
chr17	44857000	44857499	0	0.8259396327982313	0.08910891089108912
chr13	40126000	40126499	0	0.8255095967861925	0.10106382978723404
chr5	157500000	157500499	0	0.825228832951945	0.09868421052631579
chr1	15571500	15571999	0	0.8251488095238095	0.06770833333333333
chr14	60815000	60815499	0	0.8241037131882203	0.1477272727272727
chr3	58349000	58349499	0	0.8233725135623869	0.11234177215189874
chr16	21379500	21379999	0	0.823233282674772	0.049107142857142856
chr3	15384500	15384999	0	0.822919829942302	0.05067567567567568
chr12	76511000	76511499	0	0.8228250244379277	0.003787878787878788
chr6	110206000	110206499	0	0.8225972222222221	0.043402777777777776
chr21	36255500	36255999	0	0.8218721770551038	0.13414634146341461
chr7	55527000	55527499	0	0.8217645881293164	0.01804123711340206
chr12	11729500	11729999	0	0.821219715956558	0.043859649122807015
chr22	45376000	45376499	0	0.8200757575757576	0.06060606060606061
chr9	37189500	37189999	0	0.8199066213921901	0.11693548387096775
chr22	40414500	40414999	0	0.8196969696969697	0.030303030303030304
chr11	83066500	83066999	0	0.8193981995313848	0.06132075471698113
chr7	151725000	151725499	0	0.8189650704809287	0.11940298507462688
chr5	56745500	56745999	0	0.8186475409836065	0.0625
chr19	48186500	48186999	0	0.8168923275306254	0.09219858156028368
chr20	18728500	18728999	0	0.8158974358974358	0.0641025641025641
chr2	3254500	3254999	0	0.8150537634408602	0.06666666666666667
chr21	41229500	41229999	0	0.8148636153490524	0.09466019417475728
chr12	101634500	101634999	0	0.8139916743755782	0.018617021276595744
chr2	224521000	224521499	0	0.8135964912280701	0.03508771929824561
chr16	81784000	81784499	0	0.8130227001194743	0.07407407407407407
chr20	16392500	16392999	0	0.812930520149699	0.11165048543689321
chr12	6790000	6790499	1	0.851652727996814	0.04032258064516129
chr12	6790500	6790999	1	0.7742892909061541	0.039735099337748346
chr4	152221500	152221999	1	0.6624411638853231	0.21036585365853658
chr8	11865500	11865999	1	0.6447373064796951	0.1954113924050633
chr21	31186000	31186499	1	0.6309523809523809	0.20833333333333331
chr12	6791000	6791499	1	0.6106468950583868	0.2856217616580311
chr2	112182500	112182999	1	0.609824414715719	0.13365384615384618
chr4	142557000	142557499	1	0.5929469195376501	0.2951127819548872
chr12	55933500	55933999	1	0.5846774193548387	0.04032258064516129
chr2	12496000	12496499	1	0.5841714559386971	0.29513888888888895
chr6	143528500	143528999	1	0.5829417293233082	0.07330827067669173
chr2	203711500	203711999	1	0.578125	0.25
chr5	119335000	119335499	1	0.5759422645306091	0.17123287671232876
chr4	117965500	117965999	1	0.5709770114942528	0.1206896551724138
chr7	38397500	38397999	1	0.5682828282828283	0.255050505050505
chr12	54981000	54981499	1	0.5679824561403508	0.09868421052631578
chr2	86468500	86468999	1	0.553611510791367	0.2643884892086331
chr5	127575000	127575499	1	0.5505050505050506	0.1388888888888889
chr6	166952500	166952999	1	0.5491269841269841	0.19642857142857142
chr12	90230500	90230999	1	0.5447727272727273	0.12
chr2	203732000	203732499	1	0.5434782608695652	0.25
chr6	139176000	139176499	1	0.5418229166666667	0.21484375
chr2	171081500	171081999	1	0.54125	0.29000000000000004
chr15	58249500	58249999	1	0.5409369259032456	0.13732394366197184
chr18	3343500	3343999	1	0.5406552494415487	0.2852941176470588
chr8	59617500	59617999	1	0.5335365853658537	0.3414634146341463
chr1	11291500	11291999	1	0.5316083649690649	0.23233215547703182
chr20	59147000	59147499	1	0.5267346737630593	0.19517543859649122
chr14	39097000	39097499	1	0.5229885057471264	0.06034482758620689
chr1	8420500	8420999	1	0.52203125	0.41796875
chr3	187063500	187063999	1	0.5217887631526703	0.18835616438356162
chr5	55992000	55992499	1	0.5210056995771282	0.141156462585034
chr20	26288500	26288999	1	0.5206430398246256	0.2184873949579832
chr3	108697500	108697999	1	0.5203546453546453	0.3173076923076923
chr2	108988500	108988999	1	0.5192993281228576	0.15151515151515152
chr5	55979500	55979999	1	0.5170289855072465	0.391304347826087
chr6	11710000	11710499	1	0.5168887867647058	0.11397058823529412
chr13	80503500	80503999	1	0.5150293255131966	0.06451612903225806
chr1	77303500	77303999	1	0.5138967668746455	0.28488372093023256
chr9	94982000	94982499	1	0.5091226708074534	0.28125
chr21	26835000	26835499	1	0.5087679856115108	0.34375
chr2	59462500	59462999	1	0.5038115038115039	0.30067567567567566
chr13	40631500	40631999	1	0.5029354207436398	0.1934931506849315
chr5	56158500	56158999	1	0.5009615384615386	0.4182692307692307
chr17	1871500	1871999	1	0.49915495463440673	0.07876712328767123
chr2	232237000	232237499	1	0.4934782608695652	0.3
chr5	56157500	56157999	1	0.4919082434249269	0.415282392026578
chr13	40438000	40438499	1	0.49124588556621607	0.23394495412844038
chr2	152402500	152402999	1	0.4901787780606341	0.2533557046979866
chr5	55985000	55985499	1	0.4891151685393258	0.34375
chr5	134119000	134119499	1	0.4884408602150538	0.10833333333333334
chr13	95176500	95176999	1	0.487590669890485	0.17696629213483145
chr13	99366500	99366999	1	0.48722084367245666	0.24354838709677418
chr14	64929000	64929499	1	0.4860044935405354	0.28440366972477066
chr20	58661500	58661999	1	0.4858156028368795	0.14361702127659573
chr1	24504000	24504499	1	0.48342184795047094	0.08883248730964466
chr5	55987000	55987499	1	0.4834089619965967	0.28488372093023256
chr3	58220500	58220999	1	0.4825591216216215	0.3158783783783784
chr20	26308500	26308999	1	0.48197463768115933	0.19927536231884058
chr3	101520500	101520999	1	0.48076923076923084	0.25
chr15	38557000	38557499	1	0.48035850495804727	0.2608695652173913
chr5	131548000	131548499	1	0.48020490766506446	0.19776119402985076
chr12	55935500	55935999	1	0.4795816733067729	0.125
chr17	67519500	67519999	1	0.4790282392026578	0.2767857142857143
chr3	4848000	4848499	1	0.47870939420544345	0.19776119402985073
chr14	98141000	98141499	1	0.47776679841897235	0.1358695652173913
chr18	44698500	44698999	1	0.4770274780287017	0.12128712871287128
chr2	35976500	35976999	1	0.4769226922692269	0.29040404040404044
chr10	33028500	33028999	1	0.4765411120551307	0.12626262626262627
chr3	30617000	30617499	1	0.4761964947758679	0.25387596899224807
chr2	197892000	197892499	1	0.47572674418604655	0.18125
chr7	44456000	44456499	1	0.4751265422334704	0.30504587155963303
chr6	142900500	142900999	1	0.47506648936170215	0.203125
chr3	35708000	35708499	1	0.47482837528604127	0.13043478260869565
chr9	99955500	99955999	1	0.4738095238095239	0.3119047619047619
chr16	27407000	27407499	1	0.47261904761904755	0.20238095238095238
chr17	80812000	80812499	1	0.47260339241471316	0.3434343434343434
chr13	99306500	99306999	1	0.4722222222222221	0.05555555555555555
chr2	54092500	54092999	1	0.4713050314465409	0.10416666666666666
chr5	119334500	119334999	1	0.4700792326939116	0.11363636363636365
chr4	56301000	56301499	1	0.4700600675760229	0.17748091603053437
chr3	33023500	33023999	1	0.46983683984542723	0.1478102189781022
chr16	57016000	57016499	1	0.4687170937170937	0.18668831168831168
chr2	106138500	106138999	1	0.46729525862068966	0.16551724137931034
chr8	118186500	118186999	1	0.46692745376955896	0.25675675675675674
chr11	128480500	128480999	1	0.46673198264813165	0.17995169082125603
chr5	134120500	134120999	1	0.4665362885701868	0.16807909604519775
chr8	70616500	70616999	1	0.4658928571428572	0.2975
chr8	19458000	19458499	1	0.46445998698763824	0.33726415094339623
chr5	55992500	55992999	1	0.4643002855977152	0.14035087719298245
chr4	108164500	108164999	1	0.46354166666666663	0.16145833333333334
chr5	56095000	56095499	1	0.46294466403162055	0.30978260869565216
chr8	59461500	59461999	1	0.4625	0.35
chr2	33124500	33124999	1	0.46043478260869564	0.42000000000000004
chr12	3809000	3809499	1	0.4601648351648351	0.3076923076923077
chr18	62300500	62300999	1	0.4598901098901099	0.21153846153846154
chr11	128840000	128840499	1	0.4596847300564062	0.25171232876712324
chr16	79362500	79362999	1	0.4591399336283186	0.2986725663716814
chr18	79516500	79516999	1	0.45813426739609375	0.10467980295566504
chr17	78728500	78728999	1	0.4581115779645191	0.1660714285714286
chr2	86787000	86787499	2	0.7510185788787485	0.1504237288135593
chr2	86788000	86788499	2	0.7454427083333333	0.072265625
chr2	86785500	86785999	2	0.7216382341143436	0.11823104693140794
chr2	86823500	86823999	2	0.7185084230752043	0.1987577639751553
chr2	86786500	86786999	2	0.7111319782000294	0.22031963470319632
chr2	86806500	86806999	2	0.6982456140350878	0.09342105263157895
chr2	86826500	86826999	2	0.6878721815135549	0.07993197278911564
chr2	86821000	86821499	2	0.6826673585884795	0.20656028368794327
chr2	86785000	86785499	2	0.6622415588279043	0.1419753086419753
chr2	86810500	86810999	2	0.6357142857142857	0.2392857142857143
chr2	86823000	86823499	2	0.6267972275950999	0.2787878787878788
chr2	86787500	86787999	2	0.6255411255411255	0.13636363636363635
chr2	86821500	86821999	2	0.6175076452599388	0.26666666666666666
chr2	86832500	86832999	2	0.5807496075353218	0.23557692307692307
chr7	38343000	38343499	2	0.5799067982456141	0.2578125
chr2	86840500	86840999	2	0.5739850427350426	0.2905982905982906
chr2	86860500	86860999	2	0.5714844623295328	0.1468253968253968
chr2	86843000	86843499	2	0.5673076923076923	0.29166666666666663
chr22	39916000	39916499	2	0.5646135265700484	0.1527777777777778
chr15	48940000	48940499	2	0.5479249011857708	0.1477272727272727
chr2	86824500	86824999	2	0.5363285144566302	0.09926470588235295
chr2	168322500	168322999	2	0.5288461538461539	0.2628205128205128
chr14	78420500	78420999	2	0.5254901960784314	0.2833333333333333
chr6	127892500	127892999	2	0.5207742639040349	0.3435114503816794
chr4	141210000	141210499	2	0.5174490809736711	0.16287878787878787
chr13	70811500	70811999	2	0.5096491228070175	0.14166666666666666
chr2	25790000	25790499	2	0.5078947368421052	0.21710526315789472
chr14	32327500	32327999	2	0.5072115384615385	0.23125
chr13	37630500	37630999	2	0.5	0.1875
chr12	39616500	39616999	2	0.4952205882352941	0.2297794117647059
chr15	49712000	49712499	2	0.49000000000000005	0.21000000000000002
chr2	86861000	86861499	2	0.48908922588608705	0.08411949685534592
chr3	30803000	30803499	2	0.4852614015572859	0.35344827586206895
chr6	42357500	42357999	2	0.48263888888888895	0.3003472222222222
chr11	122845000	122845499	2	0.48141025641025637	0.4
chr12	6775000	6775499	2	0.4804849048800661	0.25268817204301075
chr2	167858000	167858499	2	0.4782648569332355	0.20258620689655174
chr2	224128500	224128999	2	0.47767857142857145	0.24107142857142855
chr6	87695500	87695999	2	0.47732426303854875	0.24206349206349204
chr8	128235500	128235999	2	0.4757543103448276	0.265625
chr6	127875500	127875999	2	0.4733333333333334	0.41666666666666663
chr3	144295500	144295999	2	0.47275862068965524	0.26
chr12	10596000	10596499	2	0.47115384615384626	0.375
chr11	36188500	36188999	2	0.47090517241379315	0.21875
chr6	88386500	88386999	2	0.4705687830687831	0.20535714285714285
chr13	57916500	57916999	2	0.468939393939394	0.2583333333333333
chr2	73634000	73634499	2	0.46875	0.36458333333333337
chr20	2229500	2229999	2	0.4680500658761528	0.40151515151515155
chr17	19453000	19453499	2	0.4669384057971014	0.23958333333333331
chr4	180084500	180084999	2	0.4666666666666667	0.2833333333333333
chr8	1687000	1687499	2	0.465320910973085	0.2738095238095238
chr6	155507500	155507999	2	0.46524064171123	0.4318181818181818
chr2	98145000	98145499	2	0.4652173913043479	0.35
chr15	55615500	55615999	2	0.4651515151515152	0.23484848484848486
chr2	39714000	39714499	2	0.46491228070175433	0.4166666666666667
chr8	116549500	116549999	2	0.4642857142857142	0.30952380952380953
chr16	79999500	79999999	2	0.46407624633431077	0.21774193548387097
chr1	87939000	87939499	2	0.46251793400286945	0.18382352941176472
chr11	122840500	122840999	2	0.4620070890562693	0.14864864864864866
chr3	23286500	23286999	2	0.46011513157894735	0.3359375
chr3	181493500	181493999	2	0.4598790322580645	0.30625
chr2	215419000	215419499	2	0.4596875	0.22
chr15	73855500	73855999	2	0.45952380952380956	0.3571428571428571
chr2	86812000	86812499	2	0.4590576612520186	0.4834710743801653
chr7	106775500	106775999	2	0.4580745341614907	0.3571428571428571
chr2	30828000	30828499	2	0.4571969696969697	0.2625
chr14	26076000	26076499	2	0.4570938215102974	0.3586956521739131
chr2	121992000	121992499	2	0.456845238095238	0.30208333333333337
chr16	31855000	31855499	2	0.45668859649122806	0.38541666666666663
chr5	58148500	58148999	2	0.4562655086848636	0.32258064516129026
chr19	8279000	8279499	2	0.4558018609742747	0.20689655172413796
chr14	86054000	86054499	2	0.4557322929171669	0.3163265306122449
chr6	157747500	157747999	2	0.4549304295220811	0.3640350877192982
chr11	122838500	122838999	2	0.45459145491036507	0.09247967479674797
chr20	21128500	21128999	2	0.453781512605042	0.36607142857142855
chr2	194855500	194855999	2	0.4523809523809522	0.33333333333333337
chr6	42394500	42394999	2	0.45160060975609745	0.2723577235772358
chr14	32197500	32197999	2	0.4513221153846154	0.2890625
chr19	29303000	29303499	2	0.45059523809523816	0.33333333333333337
chr7	513500	513999	2	0.4497773672493013	0.3817204301075269
chr12	457500	457999	2	0.4497282608695652	0.34375
chr1	95780000	95780499	2	0.44889162561576346	0.31896551724137934
chr8	2019000	2019499	2	0.44846983002299023	0.26331360946745563
chr5	43282000	43282499	2	0.4483088235294117	0.355
chr5	17962500	17962999	2	0.4482526881720429	0.32258064516129037
chr17	56252500	56252999	2	0.44791666666666663	0.28645833333333337
chr5	137517000	137517499	2	0.446875	0.22499999999999998
chr16	21373000	21373499	2	0.446687370600414	0.31521739130434784
chr7	142330000	142330499	2	0.4466666666666667	0.3333333333333333
chr7	121662500	121662999	2	0.4447619047619046	0.4600000000000001
chr1	88023500	88023999	2	0.44464285714285723	0.2875
chr13	31159500	31159999	2	0.4446271929824561	0.23958333333333334
chr11	84387000	84387499	2	0.4440625	0.22
chr7	38343500	38343999	2	0.4436619718309859	0.375
chr2	86811000	86811499	2	0.443165275621118	0.468944099378882
chr3	27966500	27966999	2	0.44266055045871566	0.39220183486238536
chr8	71851500	71851999	2	0.4423076923076923	0.1826923076923077
chr1	95434000	95434499	2	0.4423076923076923	0.3076923076923077
chr21	25509500	25509999	2	0.4416666666666667	0.20833333333333331
chr9	89479000	89479499	2	0.441008316008316	0.22115384615384615
chr3	143807000	143807499	3	0.9034380305602716	0.024193548387096774
chr6	52588500	52588999	3	0.8634868421052632	0.03125
chr6	169720500	169720999	3	0.8592105263157895	0.09868421052631579
chr21	14638000	14638499	3	0.8453565505804311	0.027777777777777776
chr14	56334000	56334499	3	0.8413304252998909	0.05152671755725191
chr5	169942000	169942499	3	0.837078305836001	0.08467741935483872
chr21	29163000	29163499	3	0.8278326403326404	0.013513513513513514
chr14	91937500	91937999	3	0.8255446411204045	0.08247422680412372
chr13	50518500	50518999	3	0.8212251178627554	0.04969879518072289
chr12	82848500	82848999	3	0.8120754716981131	0.1179245283018868
chr1	86366000	86366499	3	0.7988031914893617	0.11875000000000001
chr9	2138500	2138999	3	0.7924129353233831	0.14925373134328357
chr3	101565000	101565499	3	0.7831325301204819	0.04819277108433735
chr8	673500	673999	3	0.7735256109022556	0.07421875
chr2	72979500	72979999	3	0.771329365079365	0.12152777777777778
chr6	10624500	10624999	3	0.7701923076923076	0.13846153846153847
chr6	105909000	105909499	3	0.7595010947763527	0.061151079136690656
chr9	108074000	108074499	3	0.7572811447811447	0.01818181818181818
chr11	33198000	33198499	3	0.7525210084033613	0.05
chr20	34104000	34104499	3	0.7475112238922507	0.034403669724770644
chr2	127954500	127954999	3	0.7459523809523809	0.11904761904761904
chr18	11885500	11885999	3	0.7422953772263358	0.09980988593155891
chr6	11770500	11770999	3	0.742207809432861	0.09153005464480875
chr9	107750500	107750999	3	0.7390429338103757	0.02403846153846154
chr8	29011500	29011999	3	0.738095238095238	0.1515151515151515
chr3	122825000	122825499	3	0.7380081300813008	0.10365853658536586
chr3	52915000	52915499	3	0.7360992950899369	0.12603305785123967
chr20	47775500	47775999	3	0.7356853672643145	0.06318681318681318
chr2	174036500	174036999	3	0.7355953433539639	0.07905982905982906
chr8	29011000	29011499	3	0.7341117216117217	0.19505494505494506
chr18	31442500	31442999	3	0.7337935761848806	0.03985507246376811
chr2	26382500	26382999	3	0.7282086479066574	0.22340425531914893
chr20	20400000	20400499	3	0.7270098488318828	0.05508474576271186
chr2	27988000	27988499	3	0.7262500000000001	0.18
chr17	67164500	67164999	3	0.7250204750204751	0.10606060606060605
chr4	56722500	56722999	3	0.7230857042500878	0.11986301369863013
chr1	41692000	41692499	3	0.7211668273866924	0.15588235294117647
chr19	49966500	49966999	3	0.7186561994920342	0.14754098360655737
chr2	85054000	85054499	3	0.715270413573701	0.06521739130434782
chr1	39992000	39992499	3	0.7146518204312478	0.15853658536585363
chr15	101213000	101213499	3	0.7114065180102915	0.06132075471698113
chr20	3434000	3434499	3	0.711038961038961	0.1461038961038961
chr16	29173500	29173999	3	0.710136592379583	0.0514018691588785
chr8	58664000	58664499	3	0.7088607594936709	0.11075949367088607
chr11	109762500	109762999	3	0.7087806149035956	0.11052631578947368
chr2	158600000	158600499	3	0.70625	0.19999999999999998
chr15	75155000	75155499	3	0.7047543301519972	0.11231884057971014
chr12	128807500	128807999	3	0.7046644088669951	0.16810344827586207
chr11	122733000	122733499	3	0.7039962576851111	0.16034482758620688
chr8	6869000	6869499	3	0.7030285663904073	0.02102803738317757
chr14	69060000	69060499	3	0.7014991181657848	0.10714285714285715
chr3	45571000	45571499	3	0.70146229739253	0.17732558139534885
chr8	42857000	42857499	3	0.700410299943407	0.043010752688172046
chr16	79483000	79483499	3	0.6999881908360888	0.1232876712328767
chr19	51951500	51951999	3	0.6986796785304249	0.08208955223880597
chr8	29284500	29284999	3	0.6973902925531915	0.21276595744680848
chr9	111148500	111148999	3	0.6973684210526316	0.16666666666666666
chr6	28901500	28901999	3	0.6954113924050633	0.11708860759493671
chr10	17842500	17842999	3	0.694511217948718	0.19010416666666666
chr8	47431500	47431999	3	0.6932697622996131	0.023148148148148147
chr4	153622500	153622999	3	0.69206538020971	0.21391752577319587
chr9	78188000	78188499	3	0.6919129720853859	0.22619047619047616
chr1	17045000	17045499	3	0.6916609764424718	0.21782178217821782
chr3	122064500	122064999	3	0.6914155906264945	0.04878048780487805
chr9	86767000	86767499	3	0.6908620689655173	0.09913793103448276
chr15	80719000	80719499	3	0.6806722689075629	0.017857142857142856
chr2	39127000	39127499	3	0.6802035330261137	0.20967741935483872
chr16	84069000	84069499	3	0.6801825993555317	0.07236842105263158
chr12	122713500	122713999	3	0.6796380090497738	0.06153846153846154
chr14	70692000	70692499	3	0.6776556776556777	0.20238095238095238
chr18	3679000	3679499	3	0.6767156862745097	0.12745098039215685
chr1	32743000	32743499	3	0.6763174019607844	0.15441176470588236
chr17	27414000	27414499	3	0.6738767455980571	0.07407407407407407
chr15	39454000	39454499	3	0.6731716559302767	0.06034482758620689
chr5	136051500	136051999	3	0.6727189932107964	0.13383838383838384
chr7	29977000	29977499	3	0.6711893344957861	0.11711711711711711
chr8	85535000	85535499	3	0.6675180928054492	0.07098765432098765
chr8	115071500	115071999	3	0.6671641791044776	0.15
chr16	53804000	53804499	3	0.6654676258992805	0.12949640287769784
chr8	673000	673499	3	0.6638537803678196	0.14779005524861877
chr11	121887500	121887999	3	0.6621794871794872	0.22115384615384615
chr11	103870500	103870999	3	0.661741935483871	0.256
chr19	51811000	51811499	3	0.6613707983193278	0.06473214285714285
chr6	153090500	153090999	3	0.6593406593406594	0.07142857142857142
chr1	39833500	39833999	3	0.658685064935065	0.26988636363636365
chr2	27764500	27764999	3	0.6562499999999999	0.05
chr13	76939000	76939499	3	0.656084656084656	0.21296296296296297
chr4	70712500	70712999	3	0.6559829059829059	0.05555555555555555
chr3	4080000	4080499	3	0.6549744897959184	0.0816326530612245
chr12	26360000	26360499	3	0.6548172062990663	0.13106796116504854
chr6	140036000	140036499	3	0.6546698872785829	0.10185185185185185
chr3	127206000	127206499	3	0.6537407897222747	0.1753731343283582
chr2	137960000	137960499	3	0.6524725274725274	0.10714285714285715
chr1	59580000	59580499	3	0.6522733211392736	0.11516853932584269
chr12	121461000	121461499	3	0.651247771836007	0.11590909090909092
chr12	56182500	56182999	3	0.6505268895348837	0.26744186046511625
chr6	117607500	117607999	3	0.6500746640119462	0.018292682926829267
chr2	236749000	236749499	3	0.6494490011573492	0.10504201680672268
chr6	137289000	137289499	3	0.6478870025556773	0.26325757575757575
chr3	129007500	129007999	3	0.6475757575757576	0.24242424242424243
chr7	93140500	93140999	4	0.9361307718233906	0.028985507246376812
chr13	41720500	41720999	4	0.9312127024722932	0.01715686274509804
chr2	143745500	143745999	4	0.9085805934242182	0.01293103448275862
chr4	8395500	8395999	4	0.9039227166276347	0.0389344262295082
chr13	112518000	112518499	4	0.9037023460410557	0.04516129032258065
chr7	41490500	41490999	4	0.9025946100917431	0.011467889908256881
chr2	95925000	95925499	4	0.899066091954023	0.04885057471264368
chr8	41962000	41962499	4	0.892968142968143	0.07167832167832168
chr13	41221500	41221999	4	0.8875	0.05
chr2	159364500	159364999	4	0.8820570481713812	0.0528169014084507
chr15	68140500	68140999	4	0.8803276178812003	0.008802816901408451
chr6	49743500	49743999	4	0.8791053921568627	0.049019607843137254
chr8	123079500	123079999	4	0.8778643751665334	0.0341726618705036
chr18	10781500	10781999	4	0.8767237664296488	0.022435897435897436
chr2	143693000	143693499	4	0.8728617248752673	0.018442622950819672
chr2	86516500	86516999	4	0.8651338971106413	0.10077519379844961
chr12	30668000	30668499	4	0.8648989898989898	0.05555555555555555
chr2	105847500	105847999	4	0.8630252100840337	0.04411764705882353
chr7	155694000	155694499	4	0.8618185078909613	0.07720588235294118
chr3	188089000	188089499	4	0.8613140908537329	0.03361344537815126
chr8	9037000	9037499	4	0.8599773242630385	0.04081632653061225
chr17	35099500	35099999	4	0.8599498327759197	0.009615384615384616
chr8	125491500	125491999	4	0.854105504587156	0.07339449541284404
chr2	105848000	105848499	4	0.8527647256251049	0.029661016949152543
chr11	76097000	76097499	4	0.8525477386934674	0.056999999999999995
chr2	158305000	158305499	4	0.8519138755980862	0.05263157894736842
chr11	76090000	76090499	4	0.8475935828877006	0.11931818181818182
chr17	63754000	63754499	4	0.8462301587301587	0.03571428571428571
chr14	34966000	34966499	4	0.8457640332640333	0.10135135135135136
chr7	36591000	36591499	4	0.8454861111111112	0.013888888888888888
chr20	38553500	38553999	4	0.842331742082969	0.06654676258992806
chr11	33698500	33698999	4	0.8401787134751021	0.05202312138728324
chr7	149143000	149143499	4	0.8386961236107346	0.07096774193548387
chr17	70321000	70321499	4	0.8375178062678064	0.02546296296296296
chr8	129945000	129945499	4	0.8373987754295873	0.015060240963855422
chr2	216127000	216127499	4	0.8365248226950355	0.11347517730496454
chr6	97132500	97132999	4	0.8346428571428572	0.0225
chr2	179359000	179359499	4	0.8322410147991544	0.08636363636363636
chr8	125491000	125491499	4	0.830548128342246	0.04261363636363637
chr7	41487000	41487499	4	0.8266968325791856	0.011538461538461539
chr2	237990000	237990499	4	0.825969827586207	0.06770833333333334
chr8	19605500	19605999	4	0.8216923076923078	0.08600000000000001
chr20	34609000	34609499	4	0.820908820908821	0.04395604395604396
chr7	40461000	40461499	4	0.819020748839123	0.031446540880503145
chr1	94473500	94473999	4	0.8170551239363669	0.08490566037735849
chr3	70988000	70988499	4	0.8169542213020473	0.09391534391534391
chr11	128434500	128434999	4	0.8162295081967214	0.07377049180327869
chr8	73958500	73958999	4	0.8146464646464646	0.06944444444444445
chr3	11694500	11694999	4	0.8136501281155369	0.040123456790123455
chr2	216130500	216130999	4	0.8083126550868486	0.038461538461538464
chr21	33802000	33802499	4	0.8073762705424147	0.014462809917355372
chr8	60686500	60686999	4	0.8069638694638696	0.07765151515151515
chr7	73442000	73442499	4	0.8059098639455782	0.11224489795918369
chr15	42210500	42210999	4	0.8042914746543779	0.04838709677419355
chr1	97246500	97246999	4	0.8031173092698933	0.09782608695652174
chr12	105220500	105220999	4	0.8019827586206896	0.1325
chr17	30515000	30515499	4	0.8017094017094017	0.15384615384615385
chr2	32416500	32416999	4	0.8010757898817601	0.04220779220779221
chr3	126454500	126454999	4	0.8002544529262086	0.11641221374045801
chr6	106271500	106271999	4	0.7997685185185186	0.06481481481481481
chr3	38291000	38291499	4	0.7994186046511628	0.0755813953488372
chr3	71160000	71160499	4	0.7991914591342136	0.14637305699481865
chr17	46171000	46171499	4	0.7987612481009699	0.12209302325581395
chr3	115182500	115182999	4	0.7982918263090677	0.1206896551724138
chr6	106964500	106964999	4	0.7975040257648953	0.05434782608695651
chr3	38088000	38088499	4	0.796004842615012	0.025423728813559324
chr2	32296500	32296999	4	0.7958559782608696	0.1171875
chr1	10242000	10242499	4	0.7946017913338175	0.07304526748971193
chr9	33319000	33319499	4	0.7940010570824524	0.06395348837209303
chr3	4694000	4694499	4	0.7922619047619048	0.04107142857142857
chr9	98830500	98830999	4	0.7921687487704112	0.05429864253393665
chr2	9895500	9895999	4	0.7915332698797266	0.021653543307086614
chr6	30329500	30329999	4	0.7913469024580136	0.12757201646090535
chr2	170798500	170798999	4	0.7900700280112045	0.045714285714285714
chr11	59725500	59725999	4	0.7896236090817128	0.10452961672473869
chr13	113195500	113195999	4	0.7894862144023217	0.11655405405405406
chr2	98859500	98859999	4	0.7888421573478476	0.16860465116279066
chr6	6602000	6602499	4	0.7882401315789473	0.07894736842105263
chr6	131572500	131572999	4	0.7874756651524983	0.08208955223880596
chr1	7774500	7774999	4	0.7872863247863249	0.1752136752136752
chr5	62494000	62494499	4	0.7859972041006524	0.17736486486486486
chr2	149568500	149568999	4	0.7858173572459287	0.03741496598639456
chr3	38280500	38280999	4	0.7854300638135365	0.11947791164658633
chr2	42211500	42211999	4	0.7849879535147393	0.07725694444444445
chr3	4694500	4694999	4	0.7838705450733753	0.10763888888888888
chr14	89971500	89971999	4	0.7825000000000001	0.08
chr20	34609500	34609999	4	0.782391640866873	0.08157894736842104
chr1	77139000	77139499	4	0.7814820544554455	0.1640625
chr2	37246000	37246499	4	0.781413087113609	0.18085106382978725
chr11	10423500	10423999	4	0.781306075365291	0.14156626506024095
chr2	168499000	168499499	4	0.7806315789473683	0.022
chr17	4273000	4273499	4	0.7806023837646301	0.07014388489208633
chr16	85782000	85782499	4	0.7803519286921776	0.06224066390041494
chr18	46215000	46215499	4	0.7779646891783444	0.16017964071856286
chr21	38212500	38212999	4	0.7776061148154172	0.09302325581395349
chr12	4174000	4174499	4	0.7750800732097919	0.14247311827956988
chr5	71499500	71499999	4	0.7750366837857666	0.03879310344827586
chr4	152690000	152690499	4	0.7730925324675324	0.08181818181818182
chr10	21625000	21625499	4	0.7729745370370371	0.1140625
chr2	10053500	10053999	4	0.7727750190985485	0.17207792207792208
chr20	25321500	25321999	5	0.8109375	0.025
chr12	9828000	9828499	5	0.8004934210526317	0.046875
chr15	90793500	90793999	5	0.7900943396226415	0.125
chr12	9604500	9604999	5	0.7852348439870704	0.1518817204301075
chr7	139873500	139873999	5	0.7718972097920505	0.07543103448275862
chr7	133696000	133696499	5	0.7713007478632479	0.08547008547008547
chr10	7243000	7243499	5	0.7692708333333333	0.1015625
chr4	105267000	105267499	5	0.7606116148948485	0.1267123287671233
chr3	15730500	15730999	5	0.7590016366612111	0.10638297872340426
chr13	46305000	46305499	5	0.7549368541905855	0.16044776119402984
chr21	34024000	34024499	5	0.7522603027754415	0.13567073170731708
chr12	9831000	9831499	5	0.7470306513409961	0.07241379310344828
chr7	77563500	77563999	5	0.746955008699975	0.1574074074074074
chr1	15400500	15400999	5	0.7439120809614168	0.15931372549019607
chr16	14496000	14496499	5	0.7421554252199414	0.14090909090909093
chr7	77348000	77348499	5	0.7417279411764706	0.11764705882352941
chr13	95791000	95791499	5	0.7380077030812324	0.08639705882352941
chr1	91579500	91579999	5	0.7343283582089551	0.15000000000000002
chr2	181253500	181253999	5	0.7330555555555556	0.19444444444444445
chr7	7237000	7237499	5	0.7303030303030302	0.13636363636363635
chr2	231528000	231528499	5	0.7294573643410853	0.17054263565891475
chr8	129921000	129921499	5	0.7244505494505495	0.19285714285714284
chr5	160297500	160297999	5	0.7229328723710746	0.0898876404494382
chr8	102114500	102114999	5	0.7225547195622435	0.10465116279069768
chr16	22430500	22430999	5	0.7204238472286912	0.15789473684210525
chr2	30294000	30294499	5	0.7194478102821533	0.0871559633027523
chr7	139874000	139874499	5	0.7179236174435446	0.15776699029126212
chr3	7291000	7291499	5	0.7166925095419847	0.16221374045801526
chr2	119928500	119928999	5	0.7159900284900285	0.16826923076923075
chr3	47341500	47341999	5	0.7113146551724138	0.1293103448275862
chr2	24623500	24623999	5	0.7108047690014904	0.10681818181818181
chr8	20428500	20428999	5	0.7098447529482013	0.14935064935064934
chr11	114066000	114066499	5	0.7087308580456975	0.06709558823529412
chr16	69454500	69454999	5	0.7072115384615384	0.21153846153846154
chr8	82006000	82006499	5	0.705983606557377	0.08499999999999999
chr12	9606000	9606499	5	0.7040719696969697	0.015625
chr14	56211000	56211499	5	0.7040647719762063	0.14887640449438203
chr1	64927500	64927999	5	0.7039772727272728	0.12727272727272726
chr3	47118500	47118999	5	0.7018633540372671	0.17857142857142858
chr6	130213500	130213999	5	0.6994949494949494	0.027777777777777776
chr11	128800500	128800999	5	0.6994485294117647	0.209375
chr3	16547500	16547999	5	0.696464267866067	0.12681159420289856
chr13	27573500	27573999	5	0.6948198198198199	0.041666666666666664
chr17	9565500	9565999	5	0.6944827586206895	0.21551724137931036
chr10	20521500	20521999	5	0.6929824561403508	0.19736842105263158
chr5	160297000	160297499	5	0.6925872093023255	0.15116279069767444
chr2	8470000	8470499	5	0.6912124655797893	0.14820359281437126
chr2	8280000	8280499	5	0.6905620907106476	0.21169354838709675
chr16	75320500	75320999	5	0.6884707287933094	0.10185185185185185
chr10	52694500	52694999	5	0.6879681647940075	0.20786516853932585
chr1	1222000	1222499	5	0.6875	0.2
chr12	130995000	130995499	5	0.686304836895388	0.08928571428571427
chr12	9597500	9597999	5	0.6847587719298245	0.05208333333333333
chr4	95162000	95162499	5	0.6847165991902834	0.09412955465587045
chr19	9650500	9650999	5	0.6843434343434343	0.07954545454545454
chr9	79705500	79705999	5	0.683060967944689	0.22972972972972974
chr12	50581500	50581999	5	0.6827184892402284	0.10858585858585859
chr3	13005500	13005999	5	0.6785714285714286	0.14285714285714285
chr7	158732500	158732999	5	0.678358208955224	0.17164179104477612
chr3	81747000	81747499	5	0.6767990074441689	0.1693548387096774
chr9	8117500	8117999	5	0.6763457556935818	0.15579710144927536
chr5	124867500	124867999	5	0.6761963047152766	0.14147286821705427
chr18	70301500	70301999	5	0.6761707988980716	0.14049586776859505
chr2	231528500	231528999	5	0.674608277608515	0.11180904522613065
chr12	22002500	22002999	5	0.6730769230769231	0.16666666666666666
chr19	54907000	54907499	5	0.6722736722736723	0.0506993006993007
chr7	66790000	66790499	5	0.6716895544646742	0.23120300751879697
chr3	45425000	45425499	5	0.6712962962962963	0.27314814814814814
chr11	114072000	114072499	5	0.671118588999768	0.2329136690647482
chr15	89937000	89937499	5	0.6701766304347826	0.1640625
chr9	121154500	121154999	5	0.6700985761226725	0.26363636363636367
chr2	159199500	159199999	5	0.6699077125906395	0.19594594594594594
chr16	50263000	50263499	5	0.6676174496644296	0.225
chr2	221503000	221503499	5	0.6662087912087913	0.1730769230769231
chr15	94249500	94249999	5	0.6661874212395463	0.24883720930232558
chr4	48113000	48113499	5	0.664965497412306	0.047872340425531915
chr16	58967500	58967999	5	0.663716814159292	0.17699115044247787
chr12	46405500	46405999	5	0.6634047840944393	0.09234234234234236
chr16	50228500	50228999	5	0.6632478632478631	0.24230769230769234
chr7	139884000	139884499	5	0.6630373303167422	0.08455882352941176
chr22	21681000	21681499	5	0.6616317579663443	0.278061224489796
chr9	105608500	105608999	5	0.6615763546798029	0.22413793103448276
chr7	139820000	139820499	5	0.6607766990291263	0.10922330097087378
chr12	9820000	9820499	5	0.659644725769273	0.11187845303867404
chr17	74468500	74468999	5	0.6595394736842105	0.15625
chr14	51918000	51918499	5	0.6590646928770547	0.18316831683168316
chr1	61459000	61459499	5	0.6577450980392158	0.09558823529411765
chr17	20698000	20698499	5	0.6563776223776224	0.12762237762237763
chr4	110159500	110159999	5	0.6549932523616734	0.08974358974358974
chr2	212738500	212738999	5	0.6549609810479375	0.16025641025641024
chr6	37826000	37826499	5	0.6545057551044018	0.1902654867256637
chr6	5791500	5791999	5	0.6543778801843319	0.07142857142857142
chr20	34467000	34467499	5	0.6528341993386868	0.18620689655172412
chr4	77849000	77849499	5	0.6525974025974026	0.22619047619047616
chr2	8281000	8281499	5	0.6518099547511313	0.10588235294117648
chr18	55475500	55475999	5	0.6514618562024009	0.2028688524590164
chr15	31389500	31389999	5	0.6505055147058824	0.09558823529411764
chr13	88430000	88430499	5	0.648876404494382	0.25
chr10	7427000	7427499	5	0.6484077535479404	0.2219626168224299
chr16	56836500	56836999	5	0.6477272727272727	0.22727272727272724
